{
  "id": "",
  "name": "",
  "font_family": "iconfont",
  "css_prefix_text": "icon-",
  "description": "",
  "glyphs": [
    {
      "icon_id": "1463621",
      "name": "课程",
      "font_class": "course",
      "unicode": "e60e",
      "unicode_decimal": 58894
    },
    {
      "icon_id": "19475662",
      "name": "搜索",
      "font_class": "search",
      "unicode": "e605",
      "unicode_decimal": 58885
    },
    {
      "icon_id": "20881011",
      "name": "我的",
      "font_class": "wode",
      "unicode": "e507",
      "unicode_decimal": 58631
    }
  ]
}
