{
  "id": "",
  "name": "",
  "font_family": "iconfont",
  "css_prefix_text": "icon-",
  "description": "",
  "glyphs": [
    {
      "icon_id": "339639",
      "name": "退出",
      "font_class": "icon",
      "unicode": "e60f",
      "unicode_decimal": 58895
    },
    {
      "icon_id": "3670113",
      "name": "我的",
      "font_class": "tubiaolunkuo-",
      "unicode": "e60e",
      "unicode_decimal": 58894
    },
    {
      "icon_id": "5122042",
      "name": "发现",
      "font_class": "faxian-",
      "unicode": "e605",
      "unicode_decimal": 58885
    },
    {
      "icon_id": "5771114",
      "name": "首页",
      "font_class": "home",
      "unicode": "e616",
      "unicode_decimal": 58902
    },
    {
      "icon_id": "12753674",
      "name": "相机",
      "font_class": "xiangji_huaban",
      "unicode": "e633",
      "unicode_decimal": 58931
    }
  ]
}
